inegi,fisc_obsd,fisc_status,fisc_pred,prensa_obsd,prensa_status,prensa_pred,year
11001,-1,unknown,0.07330000000000002,-1,unknown,0.21716666666666667,2009
11002,-1,unknown,0.07322857142857143,-1,unknown,0.40020000000000006,2009
11003,-1,unknown,0.19529999999999997,-1,unknown,0.35146666666666665,2009
11004,-1,unknown,0.16856666666666667,1,train,0.7185666666666667,2009
11005,-1,unknown,0.12616190476190475,-1,unknown,0.5068333333333334,2009
11006,-1,unknown,0.03406666666666666,-1,unknown,0.03883333333333333,2009
11007,-1,unknown,0.3485285714285713,-1,unknown,0.3921666666666666,2009
11008,-1,unknown,0.0205,-1,unknown,0.14653333333333332,2009
11009,-1,unknown,0.023566666666666666,-1,unknown,0.17223333333333332,2009
11010,-1,unknown,0.014,-1,unknown,0.08593333333333333,2009
11011,-1,unknown,0.07530000000000002,-1,unknown,0.22616666666666668,2009
11012,-1,unknown,0.03466666666666667,-1,unknown,0.2771666666666667,2009
11013,-1,unknown,0.015266666666666666,-1,unknown,0.02766666666666667,2009
11014,-1,unknown,0.07963333333333335,-1,unknown,0.24673333333333336,2009
11015,-1,unknown,0.2384333333333334,-1,unknown,0.20543333333333336,2009
11016,-1,unknown,0.002333333333333333,-1,unknown,0.0073,2009
11017,-1,unknown,0.31666666666666665,-1,unknown,0.2618333333333333,2009
11018,-1,unknown,0.03436666666666667,-1,unknown,0.09526666666666668,2009
11019,-1,unknown,0.025366666666666666,-1,unknown,0.16260000000000002,2009
11020,-1,unknown,0.339095238095238,-1,unknown,0.19283333333333338,2009
11021,-1,unknown,0.09450000000000001,1,train,0.6316000000000003,2009
11022,-1,unknown,0.08550000000000002,-1,unknown,0.15120000000000003,2009
11023,-1,unknown,0.1494285714285714,-1,unknown,0.31273333333333325,2009
11024,-1,unknown,0.04156666666666667,-1,unknown,0.08076666666666667,2009
11025,-1,unknown,0.066,-1,unknown,0.1104,2009
11026,-1,unknown,0.04096666666666665,-1,unknown,0.19540000000000005,2009
11027,-1,unknown,0.17583333333333337,-1,unknown,0.2992,2009
11028,-1,unknown,0.1979619047619048,-1,unknown,0.4826666666666667,2009
11029,-1,unknown,0.010666666666666666,-1,unknown,0.08639999999999999,2009
11030,-1,unknown,0.0405,-1,unknown,0.17500000000000002,2009
11031,-1,unknown,0.10202857142857145,-1,unknown,0.4101333333333333,2009
11032,-1,unknown,0.05409999999999999,-1,unknown,0.21353333333333332,2009
11033,-1,unknown,0.07290000000000002,-1,unknown,0.21603333333333335,2009
11034,-1,unknown,0.030100000000000002,-1,unknown,0.02283333333333333,2009
11035,-1,unknown,0.1068,-1,unknown,0.2755333333333334,2009
11036,-1,unknown,0.11673333333333334,-1,unknown,0.05913333333333333,2009
11037,-1,unknown,0.21582857142857148,-1,unknown,0.45266666666666655,2009
11038,-1,unknown,0.09973333333333331,-1,unknown,0.043866666666666665,2009
11039,-1,unknown,0.006333333333333333,-1,unknown,0.14096666666666666,2009
11040,-1,unknown,0.007566666666666668,-1,unknown,0.04156666666666667,2009
11041,-1,unknown,0.07450000000000001,-1,unknown,0.3097666666666668,2009
11042,-1,unknown,0.15132857142857142,-1,unknown,0.34009999999999996,2009
11043,-1,unknown,0.031599999999999996,-1,unknown,0.08133333333333335,2009
11044,-1,unknown,0.11620000000000001,-1,unknown,0.21813333333333337,2009
11045,-1,unknown,0.007,-1,unknown,0.029566666666666665,2009
11046,-1,unknown,0.09723333333333332,-1,unknown,0.2886333333333334,2009
11001,-1,unknown,0.1345,-1,unknown,0.24986666666666663,2010
11002,-1,unknown,0.4288666666666666,-1,unknown,0.45069999999999993,2010
11003,-1,unknown,0.5419666666666667,-1,unknown,0.5668666666666665,2010
11004,-1,unknown,0.4479,-1,unknown,0.4336999999999999,2010
11005,-1,unknown,0.42789999999999995,-1,unknown,0.32900000000000007,2010
11006,-1,unknown,0.023033333333333336,-1,unknown,0.0219,2010
11007,-1,unknown,0.7331000000000001,-1,unknown,0.8527666666666669,2010
11008,-1,unknown,0.10603333333333333,-1,unknown,0.09586666666666667,2010
11009,-1,unknown,0.31006666666666666,-1,unknown,0.3575333333333333,2010
11010,-1,unknown,0.07956666666666667,-1,unknown,0.03296666666666667,2010
11011,-1,unknown,0.29303333333333337,-1,unknown,0.43826666666666664,2010
11012,-1,unknown,0.21493333333333337,-1,unknown,0.23049999999999998,2010
11013,-1,unknown,0.05463333333333333,-1,unknown,0.024833333333333332,2010
11014,-1,unknown,0.34976666666666667,-1,unknown,0.3705000000000001,2010
11015,-1,unknown,0.5901333333333332,-1,unknown,0.7191333333333332,2010
11016,-1,unknown,0.0026666666666666666,-1,unknown,0.006,2010
11017,-1,unknown,0.5805999999999999,-1,unknown,0.7405666666666667,2010
11018,-1,unknown,0.054166666666666655,-1,unknown,0.02996666666666667,2010
11019,-1,unknown,0.20413333333333342,-1,unknown,0.1617666666666667,2010
11020,-1,unknown,0.45470000000000005,-1,unknown,0.5702333333333334,2010
11021,-1,unknown,0.2918333333333334,-1,unknown,0.29786666666666667,2010
11022,-1,unknown,0.2093666666666667,-1,unknown,0.14723333333333333,2010
11023,-1,unknown,0.5000666666666667,-1,unknown,0.6219666666666667,2010
11024,-1,unknown,0.05493333333333332,-1,unknown,0.032433333333333335,2010
11025,-1,unknown,0.08339999999999999,-1,unknown,0.03233333333333333,2010
11026,-1,unknown,0.11856666666666667,-1,unknown,0.16159999999999997,2010
11027,-1,unknown,0.5101,-1,unknown,0.6948,2010
11028,-1,unknown,0.6468333333333333,-1,unknown,0.6921,2010
11029,-1,unknown,0.14959999999999998,-1,unknown,0.08929999999999999,2010
11030,-1,unknown,0.20383333333333337,-1,unknown,0.19676666666666667,2010
11031,-1,unknown,0.41676666666666656,-1,unknown,0.38670000000000004,2010
11032,-1,unknown,0.21090000000000003,-1,unknown,0.2716333333333334,2010
11033,-1,unknown,0.26153333333333334,-1,unknown,0.2716333333333334,2010
11034,-1,unknown,0.0078,-1,unknown,0.0015,2010
11035,-1,unknown,0.2902666666666667,-1,unknown,0.2815666666666667,2010
11036,-1,unknown,0.05846666666666665,-1,unknown,0.028866666666666665,2010
11037,-1,unknown,0.5642666666666667,-1,unknown,0.5802666666666668,2010
11038,-1,unknown,0.0423,-1,unknown,0.027066666666666666,2010
11039,-1,unknown,0.1426666666666667,-1,unknown,0.11239999999999997,2010
11040,-1,unknown,0.03296666666666667,-1,unknown,0.028099999999999997,2010
11041,-1,unknown,0.33179999999999993,-1,unknown,0.28923333333333334,2010
11042,-1,unknown,0.5187333333333334,-1,unknown,0.5902666666666666,2010
11043,-1,unknown,0.11186666666666666,-1,unknown,0.04243333333333334,2010
11044,-1,unknown,0.23820000000000005,-1,unknown,0.30143333333333344,2010
11045,-1,unknown,0.021333333333333333,-1,unknown,0.004,2010
11046,-1,unknown,0.34536666666666654,-1,unknown,0.3027,2010
11001,-1,unknown,0.2654666666666667,-1,unknown,0.28019999999999995,2011
11002,-1,unknown,0.9247000000000001,-1,unknown,0.9407000000000001,2011
11003,-1,unknown,0.7942,-1,unknown,0.7950666666666666,2011
11004,-1,unknown,0.6953666666666666,-1,unknown,0.6930666666666667,2011
11005,-1,unknown,0.7618333333333334,-1,unknown,0.8322666666666667,2011
11006,-1,unknown,0.06406666666666666,-1,unknown,0.033966666666666666,2011
11007,-1,unknown,0.9390666666666667,-1,unknown,0.9683666666666666,2011
11008,-1,unknown,0.20460000000000003,-1,unknown,0.20660000000000003,2011
11009,-1,unknown,0.6238666666666667,-1,unknown,0.5723333333333334,2011
11010,-1,unknown,0.19183333333333336,-1,unknown,0.1675666666666667,2011
11011,-1,unknown,0.7558666666666667,-1,unknown,0.6949333333333334,2011
11012,-1,unknown,0.39359999999999995,-1,unknown,0.49646666666666667,2011
11013,-1,unknown,0.06826666666666668,-1,unknown,0.03166666666666667,2011
11014,-1,unknown,0.7326333333333334,-1,unknown,0.6642,2011
11015,-1,unknown,0.7255,1,train,0.8843000000000002,2011
11016,-1,unknown,0.037233333333333334,-1,unknown,0.04353333333333333,2011
11017,-1,unknown,0.7784,-1,unknown,0.7733333333333333,2011
11018,-1,unknown,0.21229999999999996,-1,unknown,0.15910000000000005,2011
11019,-1,unknown,0.5845666666666667,-1,unknown,0.5684333333333333,2011
11020,-1,unknown,0.7442666666666667,-1,unknown,0.8125333333333334,2011
11021,-1,unknown,0.5919666666666668,-1,unknown,0.4980666666666666,2011
11022,-1,unknown,0.3743333333333333,-1,unknown,0.4842333333333333,2011
11023,-1,unknown,0.8609333333333334,-1,unknown,0.9444000000000001,2011
11024,-1,unknown,0.1555666666666667,-1,unknown,0.12493333333333335,2011
11025,-1,unknown,0.19143333333333334,-1,unknown,0.09029999999999999,2011
11026,-1,unknown,0.18723333333333333,-1,unknown,0.09013333333333334,2011
11027,-1,unknown,0.7720666666666666,-1,unknown,0.8009,2011
11028,-1,unknown,0.8645333333333332,-1,unknown,0.8880000000000001,2011
11029,-1,unknown,0.16196666666666668,-1,unknown,0.13553333333333337,2011
11030,-1,unknown,0.43033333333333323,-1,unknown,0.40866666666666657,2011
11031,-1,unknown,0.7058,-1,unknown,0.674566666666667,2011
11032,-1,unknown,0.5671999999999999,-1,unknown,0.4885333333333334,2011
11033,-1,unknown,0.6554,-1,unknown,0.6457000000000002,2011
11034,-1,unknown,0.13909999999999997,-1,unknown,0.10266666666666666,2011
11035,-1,unknown,0.5104,-1,unknown,0.6383333333333334,2011
11036,-1,unknown,0.13100000000000003,-1,unknown,0.06693333333333332,2011
11037,-1,unknown,0.9005000000000001,-1,unknown,0.8955666666666667,2011
11038,-1,unknown,0.07333333333333335,-1,unknown,0.0621,2011
11039,-1,unknown,0.29536666666666667,-1,unknown,0.26446666666666663,2011
11040,-1,unknown,0.15033333333333332,-1,unknown,0.08943333333333334,2011
11041,-1,unknown,0.7083666666666667,1,test,0.6458333333333333,2011
11042,-1,unknown,0.7448333333333332,-1,unknown,0.8009666666666667,2011
11043,-1,unknown,0.15683333333333335,-1,unknown,0.050633333333333336,2011
11044,-1,unknown,0.5451666666666665,-1,unknown,0.6075000000000002,2011
11045,-1,unknown,0.3431999999999999,-1,unknown,0.16570000000000004,2011
11046,-1,unknown,0.6346333333333332,-1,unknown,0.7287333333333333,2011
11001,-1,unknown,0.46986666666666665,-1,unknown,0.45409999999999995,2012
11002,-1,unknown,0.8901333333333333,-1,unknown,0.8434333333333333,2012
11003,-1,unknown,0.9324333333333332,-1,unknown,0.8877333333333334,2012
11004,-1,unknown,0.7407333333333334,-1,unknown,0.7341666666666669,2012
11005,-1,unknown,0.8187000000000001,-1,unknown,0.8198333333333333,2012
11006,-1,unknown,0.04440000000000001,-1,unknown,0.008366666666666666,2012
11007,-1,unknown,0.8663666666666667,-1,unknown,0.8085333333333334,2012
11008,-1,unknown,0.5225666666666666,-1,unknown,0.4138,2012
11009,-1,unknown,0.7197333333333333,-1,unknown,0.6426999999999999,2012
11010,-1,unknown,0.1637666666666667,-1,unknown,0.06753333333333335,2012
11011,-1,unknown,0.8078666666666666,-1,unknown,0.8620666666666668,2012
11012,-1,unknown,0.6883333333333335,-1,unknown,0.6377999999999998,2012
11013,-1,unknown,0.0242,-1,unknown,0.010600000000000002,2012
11014,-1,unknown,0.817,-1,unknown,0.7891999999999999,2012
11015,-1,unknown,0.9172333333333333,-1,unknown,0.8629000000000001,2012
11016,-1,unknown,0.18963333333333335,-1,unknown,0.12473333333333333,2012
11017,-1,unknown,0.8093333333333333,-1,unknown,0.7997666666666667,2012
11018,-1,unknown,0.12323333333333332,-1,unknown,0.0645,2012
11019,-1,unknown,0.6931333333333334,-1,unknown,0.5184,2012
11020,-1,unknown,0.7084,-1,unknown,0.7015666666666668,2012
11021,-1,unknown,0.48993333333333333,-1,unknown,0.5121333333333334,2012
11022,-1,unknown,0.4527333333333333,-1,unknown,0.41913333333333347,2012
11023,-1,unknown,0.8261999999999999,-1,unknown,0.8038666666666667,2012
11024,-1,unknown,0.07836666666666665,-1,unknown,0.05663333333333334,2012
11025,-1,unknown,0.23566666666666664,-1,unknown,0.12996666666666665,2012
11026,-1,unknown,0.059566666666666664,-1,unknown,0.03713333333333334,2012
11027,-1,unknown,0.835,-1,unknown,0.8198000000000001,2012
11028,-1,unknown,0.8304666666666666,-1,unknown,0.8041333333333334,2012
11029,-1,unknown,0.0708,-1,unknown,0.039700000000000006,2012
11030,-1,unknown,0.6049333333333334,-1,unknown,0.48833333333333334,2012
11031,-1,unknown,0.7549,-1,unknown,0.7631333333333334,2012
11032,-1,unknown,0.6464,-1,unknown,0.5598333333333334,2012
11033,-1,unknown,0.7623666666666665,-1,unknown,0.6974666666666667,2012
11034,-1,unknown,0.12129999999999999,-1,unknown,0.07473333333333333,2012
11035,-1,unknown,0.8816999999999999,-1,unknown,0.7901333333333335,2012
11036,-1,unknown,0.07283333333333332,-1,unknown,0.04076666666666667,2012
11037,-1,unknown,0.8496666666666668,-1,unknown,0.8522666666666667,2012
11038,-1,unknown,0.24433333333333335,-1,unknown,0.17066666666666666,2012
11039,-1,unknown,0.4209666666666667,-1,unknown,0.36263333333333336,2012
11040,-1,unknown,0.0313,-1,unknown,0.020233333333333336,2012
11041,-1,unknown,0.7656333333333333,-1,unknown,0.7746000000000003,2012
11042,-1,unknown,0.7881,-1,unknown,0.7709666666666667,2012
11043,-1,unknown,0.2869333333333333,-1,unknown,0.20016666666666666,2012
11044,-1,unknown,0.7921000000000001,1,train,0.9027666666666667,2012
11045,-1,unknown,0.16053333333333336,-1,unknown,0.18573333333333333,2012
11046,-1,unknown,0.8115666666666667,-1,unknown,0.7812,2012
11001,-1,unknown,0.6399,-1,unknown,0.3661333333333334,2013
11002,-1,unknown,0.9217333333333332,-1,unknown,0.8453000000000002,2013
11003,-1,unknown,0.8702333333333333,-1,unknown,0.673,2013
11004,-1,unknown,0.8377333333333332,-1,unknown,0.6654333333333333,2013
11005,-1,unknown,0.8366999999999999,-1,unknown,0.6579666666666668,2013
11006,-1,unknown,0.03943333333333333,-1,unknown,0.010333333333333333,2013
11007,-1,unknown,0.8062666666666667,-1,unknown,0.7716333333333334,2013
11008,-1,unknown,0.5695333333333334,-1,unknown,0.3411,2013
11009,-1,unknown,0.8361,-1,unknown,0.5619333333333333,2013
11010,-1,unknown,0.049,-1,unknown,0.0386,2013
11011,-1,unknown,0.7714333333333333,-1,unknown,0.6120666666666666,2013
11012,-1,unknown,0.8002333333333337,-1,unknown,0.6023333333333333,2013
11013,-1,unknown,0.03716666666666667,-1,unknown,0.0095,2013
11014,-1,unknown,0.8457,-1,unknown,0.5974333333333334,2013
11015,-1,unknown,0.8264000000000001,-1,unknown,0.7121000000000002,2013
11016,-1,unknown,0.08426666666666667,-1,unknown,0.0361,2013
11017,-1,unknown,0.8453999999999999,-1,unknown,0.8434000000000001,2013
11018,-1,unknown,0.0523,-1,unknown,0.0516,2013
11019,-1,unknown,0.7445333333333333,-1,unknown,0.5070333333333334,2013
11020,-1,unknown,0.8418999999999999,-1,unknown,0.8471333333333335,2013
11021,-1,unknown,0.5777000000000002,-1,unknown,0.4785,2013
11022,-1,unknown,0.4661333333333333,-1,unknown,0.27193333333333336,2013
11023,-1,unknown,0.9040666666666667,-1,unknown,0.8456666666666669,2013
11024,-1,unknown,0.045899999999999996,-1,unknown,0.015633333333333336,2013
11025,-1,unknown,0.23153333333333334,-1,unknown,0.1293,2013
11026,-1,unknown,0.1443,-1,unknown,0.06256666666666666,2013
11027,-1,unknown,0.7976666666666665,-1,unknown,0.7467333333333332,2013
11028,-1,unknown,0.8343333333333333,-1,unknown,0.6956666666666667,2013
11029,-1,unknown,0.05443333333333333,-1,unknown,0.054233333333333335,2013
11030,-1,unknown,0.803866666666667,-1,unknown,0.6252,2013
11031,-1,unknown,0.8237333333333332,-1,unknown,0.6684666666666667,2013
11032,-1,unknown,0.7817333333333336,-1,unknown,0.5228333333333335,2013
11033,-1,unknown,0.8255333333333332,-1,unknown,0.6497333333333334,2013
11034,-1,unknown,0.04506666666666667,-1,unknown,0.012,2013
11035,-1,unknown,0.8931999999999999,-1,unknown,0.7298666666666667,2013
11036,-1,unknown,0.0289,-1,unknown,0.024633333333333333,2013
11037,-1,unknown,0.8863,-1,unknown,0.7553000000000001,2013
11038,-1,unknown,0.17146666666666666,-1,unknown,0.026699999999999998,2013
11039,-1,unknown,0.6052333333333333,-1,unknown,0.249,2013
11040,-1,unknown,0.03436666666666668,-1,unknown,0.0052,2013
11041,-1,unknown,0.7975333333333334,-1,unknown,0.6214,2013
11042,-1,unknown,0.8012666666666668,-1,unknown,0.6103999999999999,2013
11043,-1,unknown,0.30506666666666665,-1,unknown,0.023133333333333332,2013
11044,-1,unknown,0.8648,-1,unknown,0.6613333333333333,2013
11045,-1,unknown,0.18863333333333338,-1,unknown,0.021533333333333335,2013
11046,-1,unknown,0.8216333333333333,-1,unknown,0.6014666666666667,2013
11001,-1,unknown,0.6118666666666668,-1,unknown,0.4752000000000002,2014
11002,-1,unknown,0.9093666666666667,-1,unknown,0.9551333333333333,2014
11003,-1,unknown,0.7645666666666666,-1,unknown,0.7880333333333334,2014
11004,-1,unknown,0.7300333333333334,-1,unknown,0.7353666666666668,2014
11005,-1,unknown,0.8954666666666667,1,train,0.9606333333333335,2014
11006,-1,unknown,0.06523333333333334,-1,unknown,0.013633333333333334,2014
11007,-1,unknown,0.9082666666666667,-1,unknown,0.9695000000000001,2014
11008,-1,unknown,0.7322000000000002,-1,unknown,0.5863333333333333,2014
11009,-1,unknown,0.7495000000000002,-1,unknown,0.7723000000000001,2014
11010,-1,unknown,0.15256666666666668,-1,unknown,0.07663333333333334,2014
11011,-1,unknown,0.8994,-1,unknown,0.9370000000000002,2014
11012,-1,unknown,0.7026000000000002,-1,unknown,0.5586666666666668,2014
11013,-1,unknown,0.07233333333333333,-1,unknown,0.02626666666666667,2014
11014,-1,unknown,0.8609000000000001,-1,unknown,0.8860952380952382,2014
11015,-1,unknown,0.8039666666666667,-1,unknown,0.8268666666666666,2014
11016,-1,unknown,0.05000000000000001,-1,unknown,0.005833333333333334,2014
11017,-1,unknown,0.9183666666666668,-1,unknown,0.9531000000000001,2014
11018,-1,unknown,0.0649,-1,unknown,0.0464,2014
11019,-1,unknown,0.7805666666666669,-1,unknown,0.7672666666666667,2014
11020,-1,unknown,0.8933666666666666,1,train,0.9794333333333334,2014
11021,-1,unknown,0.7976666666666666,-1,unknown,0.8175333333333334,2014
11022,-1,unknown,0.5397000000000001,-1,unknown,0.3320333333333333,2014
11023,-1,unknown,0.9141333333333334,1,train,0.993,2014
11024,-1,unknown,0.10106666666666668,-1,unknown,0.024433333333333338,2014
11025,-1,unknown,0.2649666666666667,-1,unknown,0.13619523809523812,2014
11026,-1,unknown,0.2777666666666667,-1,unknown,0.16156666666666666,2014
11027,-1,unknown,0.9040333333333332,-1,unknown,0.9560333333333333,2014
11028,-1,unknown,0.8511000000000003,1,test,0.9021666666666667,2014
11029,-1,unknown,0.0676,-1,unknown,0.0376,2014
11030,-1,unknown,0.7480333333333333,-1,unknown,0.6978333333333333,2014
11031,-1,unknown,0.9384333333333333,-1,unknown,0.9340333333333334,2014
11032,-1,unknown,0.7015,-1,unknown,0.7263000000000001,2014
11033,-1,unknown,0.7683666666666665,-1,unknown,0.7748619047619049,2014
11034,-1,unknown,0.12246666666666667,-1,unknown,0.03296666666666667,2014
11035,-1,unknown,0.869966666666667,-1,unknown,0.8776666666666666,2014
11036,-1,unknown,0.12993333333333335,-1,unknown,0.049633333333333335,2014
11037,-1,unknown,0.9175666666666668,-1,unknown,0.9772619047619048,2014
11038,-1,unknown,0.3724666666666667,-1,unknown,0.148,2014
11039,-1,unknown,0.5985333333333333,-1,unknown,0.47986666666666655,2014
11040,-1,unknown,0.07383333333333335,-1,unknown,0.027366666666666664,2014
11041,-1,unknown,0.8767333333333335,-1,unknown,0.9097666666666668,2014
11042,-1,unknown,0.8259666666666667,-1,unknown,0.8389999999999999,2014
11043,-1,unknown,0.32389999999999997,-1,unknown,0.20373333333333335,2014
11044,-1,unknown,0.9579333333333334,-1,unknown,0.9804333333333334,2014
11045,-1,unknown,0.31823333333333337,-1,unknown,0.029433333333333332,2014
11046,-1,unknown,0.8683666666666666,-1,unknown,0.9149333333333334,2014
11001,-1,unknown,0.6153666666666667,-1,unknown,0.576,2015
11002,-1,unknown,0.9430333333333334,-1,unknown,0.8812666666666666,2015
11003,-1,unknown,0.8931666666666668,-1,unknown,0.8171,2015
11004,-1,unknown,0.8877666666666667,-1,unknown,0.8037000000000002,2015
11005,-1,unknown,0.8194333333333332,-1,unknown,0.7414333333333334,2015
11006,-1,unknown,0.0085,-1,unknown,0.002,2015
11007,-1,unknown,0.9696000000000001,-1,unknown,0.8731666666666668,2015
11008,-1,unknown,0.8002666666666668,-1,unknown,0.6441333333333333,2015
11009,-1,unknown,0.8267333333333332,-1,unknown,0.7335666666666667,2015
11010,-1,unknown,0.0705,-1,unknown,0.05163333333333333,2015
11011,-1,unknown,0.8857666666666667,-1,unknown,0.7714,2015
11012,-1,unknown,0.7628,-1,unknown,0.5917,2015
11013,-1,unknown,0.04506666666666668,-1,unknown,0.0248,2015
11014,-1,unknown,0.8249333333333334,-1,unknown,0.7344,2015
11015,-1,unknown,0.9337666666666667,-1,unknown,0.7854666666666665,2015
11016,-1,unknown,0.027333333333333334,-1,unknown,0.010399999999999998,2015
11017,-1,unknown,0.9280666666666667,-1,unknown,0.8585666666666666,2015
11018,-1,unknown,0.09523333333333331,-1,unknown,0.06096666666666666,2015
11019,-1,unknown,0.7665333333333333,-1,unknown,0.7320333333333334,2015
11020,-1,unknown,0.9531666666666667,-1,unknown,0.8360666666666666,2015
11021,-1,unknown,0.7477333333333331,-1,unknown,0.6587333333333334,2015
11022,-1,unknown,0.4863333333333334,-1,unknown,0.2611,2015
11023,-1,unknown,0.9177333333333333,-1,unknown,0.9218,2015
11024,-1,unknown,0.146,-1,unknown,0.07579999999999999,2015
11025,-1,unknown,0.3655666666666667,-1,unknown,0.193,2015
11026,-1,unknown,0.14883333333333332,-1,unknown,0.10476666666666665,2015
11027,-1,unknown,0.9378333333333334,-1,unknown,0.8630333333333333,2015
11028,-1,unknown,0.8942333333333333,-1,unknown,0.8287666666666668,2015
11029,-1,unknown,0.11466666666666667,-1,unknown,0.0579,2015
11030,-1,unknown,0.7647666666666667,-1,unknown,0.6673333333333333,2015
11031,-1,unknown,0.9048666666666667,-1,unknown,0.7593666666666666,2015
11032,-1,unknown,0.8669666666666667,-1,unknown,0.7055333333333333,2015
11033,-1,unknown,0.7963,-1,unknown,0.6924,2015
11034,-1,unknown,0.018,-1,unknown,0.0108,2015
11035,-1,unknown,0.8409666666666665,-1,unknown,0.7670666666666667,2015
11036,-1,unknown,0.10713333333333332,-1,unknown,0.055733333333333336,2015
11037,-1,unknown,0.8444,-1,unknown,0.7483333333333333,2015
11038,-1,unknown,0.3074000000000001,-1,unknown,0.043533333333333334,2015
11039,-1,unknown,0.8276666666666668,-1,unknown,0.6656666666666666,2015
11040,-1,unknown,0.02,-1,unknown,0.0198,2015
11041,-1,unknown,0.9122,-1,unknown,0.8173,2015
11042,-1,unknown,0.9487000000000001,-1,unknown,0.8185333333333333,2015
11043,-1,unknown,0.2441333333333333,-1,unknown,0.07336666666666668,2015
11044,-1,unknown,0.9563666666666667,-1,unknown,0.8908333333333331,2015
11045,-1,unknown,0.04873333333333334,-1,unknown,0.0068,2015
11046,-1,unknown,0.8536666666666666,-1,unknown,0.8065,2015
11001,-1,unknown,0.7844,-1,unknown,0.7442666666666667,2016
11002,-1,unknown,0.9288333333333334,-1,unknown,0.8572333333333334,2016
11003,-1,unknown,0.9224333333333333,-1,unknown,0.8311666666666667,2016
11004,-1,unknown,0.8512666666666665,1,test,0.8195000000000001,2016
11005,-1,unknown,0.8116333333333333,-1,unknown,0.8484666666666668,2016
11006,-1,unknown,0.019866666666666664,-1,unknown,0.0024,2016
11007,-1,unknown,0.9091999999999999,-1,unknown,0.8924333333333333,2016
11008,-1,unknown,0.7588333333333332,-1,unknown,0.6550999999999999,2016
11009,-1,unknown,0.8697333333333332,-1,unknown,0.8313,2016
11010,-1,unknown,0.17010000000000003,-1,unknown,0.027033333333333333,2016
11011,-1,unknown,0.9188000000000001,-1,unknown,0.8296333333333334,2016
11012,-1,unknown,0.7695666666666667,-1,unknown,0.6405,2016
11013,-1,unknown,0.03403333333333334,-1,unknown,0.009100000000000002,2016
11014,-1,unknown,0.7887000000000001,-1,unknown,0.7395333333333334,2016
11015,-1,unknown,0.827,-1,unknown,0.7708666666666667,2016
11016,-1,unknown,0.027566666666666663,-1,unknown,0.006,2016
11017,-1,unknown,0.8436333333333331,-1,unknown,0.8315333333333335,2016
11018,-1,unknown,0.0994,-1,unknown,0.03503333333333333,2016
11019,-1,unknown,0.6798666666666665,-1,unknown,0.6082333333333334,2016
11020,-1,unknown,0.8755666666666665,-1,unknown,0.8678666666666668,2016
11021,-1,unknown,0.6715666666666668,-1,unknown,0.5749666666666666,2016
11022,-1,unknown,0.5615,-1,unknown,0.5223000000000001,2016
11023,-1,unknown,0.9074,1,train,0.9351,2016
11024,-1,unknown,0.3878999999999999,-1,unknown,0.09763333333333334,2016
11025,-1,unknown,0.5090666666666666,-1,unknown,0.46173333333333333,2016
11026,-1,unknown,0.22723333333333337,-1,unknown,0.09636666666666666,2016
11027,-1,unknown,0.8938333333333333,-1,unknown,0.9026333333333333,2016
11028,-1,unknown,0.8968666666666666,-1,unknown,0.8610333333333335,2016
11029,-1,unknown,0.1497666666666667,-1,unknown,0.10769999999999999,2016
11030,-1,unknown,0.8606333333333333,-1,unknown,0.8165,2016
11031,-1,unknown,0.8642666666666665,-1,unknown,0.7991333333333335,2016
11032,-1,unknown,0.7047333333333335,-1,unknown,0.6479666666666667,2016
11033,-1,unknown,0.7812333333333333,-1,unknown,0.7343666666666668,2016
11034,-1,unknown,0.03506666666666666,-1,unknown,0.004333333333333333,2016
11035,-1,unknown,0.8273333333333335,-1,unknown,0.7424333333333333,2016
11036,-1,unknown,0.12310000000000001,-1,unknown,0.018066666666666665,2016
11037,-1,unknown,0.9309,-1,unknown,0.9028999999999999,2016
11038,-1,unknown,0.5174666666666666,-1,unknown,0.2829333333333333,2016
11039,-1,unknown,0.7716333333333333,-1,unknown,0.6597999999999998,2016
11040,-1,unknown,0.05786666666666667,-1,unknown,0.0044,2016
11041,-1,unknown,0.8069333333333332,-1,unknown,0.6776000000000001,2016
11042,-1,unknown,0.7595000000000001,-1,unknown,0.7645333333333333,2016
11043,-1,unknown,0.2916666666666667,-1,unknown,0.16219999999999998,2016
11044,-1,unknown,0.9075333333333332,-1,unknown,0.8102666666666668,2016
11045,-1,unknown,0.0382,-1,unknown,0.013766666666666667,2016
11046,-1,unknown,0.7750333333333334,-1,unknown,0.7224666666666667,2016
11001,-1,unknown,0.8246333333333334,-1,unknown,0.7911,2017
11002,-1,unknown,0.8527666666666669,-1,unknown,0.9223666666666668,2017
11003,-1,unknown,0.8274000000000001,-1,unknown,0.7924333333333333,2017
11004,-1,unknown,0.8677333333333336,-1,unknown,0.9568000000000001,2017
11005,-1,unknown,0.8218000000000001,-1,unknown,0.93533333333333335,2017
11006,-1,unknown,0.0113,-1,unknown,0.14149999999999996,2017
11007,-1,unknown,0.8811333333333333,1,train,0.9859333333333336,2017
11008,-1,unknown,0.7608333333333334,-1,unknown,0.7319999999999999,2017
11009,-1,unknown,0.8054000000000002,-1,unknown,0.7574000000000001,2017
11010,-1,unknown,0.15056666666666665,-1,unknown,0.23399999999999996,2017
11011,-1,unknown,0.8463999999999999,-1,unknown,0.8753333333333334,2017
11012,-1,unknown,0.7401666666666666,-1,unknown,0.7799666666666667,2017
11013,-1,unknown,0.012366666666666665,-1,unknown,0.12266666666666667,2017
11014,-1,unknown,0.8413,-1,unknown,0.7953333333333333,2017
11015,-1,unknown,0.7569000000000001,-1,unknown,0.7717666666666666,2017
11016,-1,unknown,0.040433333333333335,-1,unknown,0.08056666666666666,2017
11017,-1,unknown,0.8185333333333334,-1,unknown,0.9221,2017
11018,-1,unknown,0.10926666666666666,-1,unknown,0.11143333333333334,2017
11019,-1,unknown,0.8256,-1,unknown,0.8734333333333334,2017
11020,-1,unknown,0.8217666666666666,-1,unknown,0.9088666666666667,2017
11021,-1,unknown,0.7213333333333334,-1,unknown,0.7621000000000001,2017
11022,-1,unknown,0.6858,-1,unknown,0.6467666666666667,2017
11023,-1,unknown,0.8973666666666668,-1,unknown,0.9622333333333335,2017
11024,-1,unknown,0.31146666666666667,-1,unknown,0.20983333333333332,2017
11025,-1,unknown,0.7228666666666668,-1,unknown,0.3877333333333333,2017
11026,-1,unknown,0.19543333333333335,-1,unknown,0.15786666666666666,2017
11027,-1,unknown,0.8675666666666667,-1,unknown,0.9645333333333334,2017
11028,-1,unknown,0.8553666666666668,-1,unknown,0.9613333333333334,2017
11029,-1,unknown,0.028766666666666666,-1,unknown,0.15780000000000002,2017
11030,-1,unknown,0.7558333333333334,-1,unknown,0.7597333333333334,2017
11031,-1,unknown,0.8345333333333333,-1,unknown,0.9055666666666667,2017
11032,-1,unknown,0.6621333333333334,-1,unknown,0.6821333333333334,2017
11033,-1,unknown,0.8860000000000001,-1,unknown,0.8999333333333334,2017
11034,-1,unknown,0.010799999999999999,-1,unknown,0.1305666666666667,2017
11035,-1,unknown,0.8836666666666668,-1,unknown,0.9505333333333335,2017
11036,-1,unknown,0.18883333333333338,-1,unknown,0.2956333333333333,2017
11037,-1,unknown,0.9068333333333335,-1,unknown,0.9480000000000001,2017
11038,-1,unknown,0.5645333333333333,-1,unknown,0.18913333333333332,2017
11039,-1,unknown,0.8203000000000001,-1,unknown,0.9446666666666667,2017
11040,-1,unknown,0.0072,-1,unknown,0.1362,2017
11041,-1,unknown,0.7425666666666668,-1,unknown,0.8301000000000003,2017
11042,-1,unknown,0.8353333333333334,-1,unknown,0.8953333333333335,2017
11043,-1,unknown,0.14270000000000002,-1,unknown,0.25793333333333335,2017
11044,-1,unknown,0.7987333333333336,-1,unknown,0.8310000000000001,2017
11045,-1,unknown,0.04573333333333333,-1,unknown,0.16799999999999995,2017
11046,-1,unknown,0.8710666666666668,-1,unknown,0.9737,2017
11001,-1,unknown,0.8911666666666668,-1,unknown,0.7955999999999999,2018
11002,-1,unknown,0.9031333333333336,-1,unknown,0.8703333333333334,2018
11003,-1,unknown,0.8601666666666667,-1,unknown,0.8149333333333334,2018
11004,-1,unknown,0.8904333333333333,-1,unknown,0.8221666666666666,2018
11005,-1,unknown,0.9114333333333334,-1,unknown,0.8485666666666667,2018
11006,-1,unknown,0.029,-1,unknown,0.015433333333333332,2018
11007,-1,unknown,0.9351,-1,unknown,0.9606000000000001,2018
11008,-1,unknown,0.8908333333333334,-1,unknown,0.7869,2018
11009,-1,unknown,0.8795666666666667,-1,unknown,0.7610333333333332,2018
11010,-1,unknown,0.10396666666666665,-1,unknown,0.0421,2018
11011,-1,unknown,0.9011666666666669,-1,unknown,0.8944666666666669,2018
11012,-1,unknown,0.872,-1,unknown,0.8041333333333334,2018
11013,-1,unknown,0.03693333333333334,-1,unknown,0.0115,2018
11014,-1,unknown,0.8994,-1,unknown,0.7607666666666668,2018
11015,-1,unknown,0.8793333333333334,-1,unknown,0.9208666666666669,2018
11016,-1,unknown,0.09693333333333334,-1,unknown,0.0925,2018
11017,-1,unknown,0.9167000000000002,-1,unknown,0.9634333333333334,2018
11018,-1,unknown,0.08170000000000001,-1,unknown,0.1598666666666667,2018
11019,-1,unknown,0.9000333333333334,-1,unknown,0.7660333333333333,2018
11020,-1,unknown,0.9131999999999999,-1,unknown,0.9521000000000002,2018
11021,-1,unknown,0.8593666666666667,-1,unknown,0.8555,2018
11022,-1,unknown,0.7522333333333334,-1,unknown,0.6947333333333333,2018
11023,-1,unknown,0.9209333333333334,-1,unknown,0.8519666666666666,2018
11024,-1,unknown,0.11089999999999998,-1,unknown,0.2998333333333333,2018
11025,-1,unknown,0.572,-1,unknown,0.5706666666666667,2018
11026,-1,unknown,0.08456666666666668,-1,unknown,0.2183333333333334,2018
11027,-1,unknown,0.9083666666666668,-1,unknown,0.9581000000000003,2018
11028,-1,unknown,0.8869666666666667,-1,unknown,0.8683333333333334,2018
11029,-1,unknown,0.13066666666666665,-1,unknown,0.0448,2018
11030,-1,unknown,0.8254000000000001,-1,unknown,0.7119333333333333,2018
11031,-1,unknown,0.8979333333333335,-1,unknown,0.9021666666666668,2018
11032,-1,unknown,0.8240666666666667,-1,unknown,0.7495333333333333,2018
11033,-1,unknown,0.8557333333333335,-1,unknown,0.7321666666666666,2018
11034,-1,unknown,0.021666666666666667,-1,unknown,0.0076,2018
11035,-1,unknown,0.8895333333333334,-1,unknown,0.7731666666666666,2018
11036,-1,unknown,0.10163333333333334,-1,unknown,0.30616666666666664,2018
11037,-1,unknown,0.9209666666666667,-1,unknown,0.8854000000000001,2018
11038,-1,unknown,0.2946666666666667,-1,unknown,0.3321,2018
11039,-1,unknown,0.9284000000000002,-1,unknown,0.8110666666666667,2018
11040,-1,unknown,0.05056666666666667,-1,unknown,0.0146,2018
11041,-1,unknown,0.8747333333333334,-1,unknown,0.8713333333333333,2018
11042,-1,unknown,0.8951666666666668,-1,unknown,0.8523666666666667,2018
11043,-1,unknown,0.14093333333333333,-1,unknown,0.02826666666666667,2018
11044,-1,unknown,0.9125999999999999,-1,unknown,0.8476333333333333,2018
11045,-1,unknown,0.043166666666666666,-1,unknown,0.014933333333333331,2018
11046,-1,unknown,0.9054333333333334,-1,unknown,0.8398666666666668,2018
